name		procurori				dosare_solutionate																																			
UNITATEA DE PARCHET (ACTIVITATE PROPRIE)	POSTURI DE PROCUROR PREVĂZUTE IN SCHEMA	POSTURI DE PROCUROR OCUPATE EFECTIV	TOTAL LUCRĂRI DE SOLUȚIONAT, DIN CARE:	TOTAL DOSARE DE SOLUȚIONAT	TOTAL LUCRĂRI SOLUȚIONATE, DIN CARE:	TOTAL DOSARE SOLUȚIONATE	PRIN RECHIZITORIU	PRIN ACORDURI DE RECUNOAȘTERE A VINOVĂȚIEI	PRIN RENUNȚARE LA URMĂRIREA PENALĂ	PRIN CLASARE	DOSARE SOLUȚIONATE PÂNĂ ÎN 6 LUNI DE LA SESIZARE	DOSARE SOLUȚIONATE ÎNTRE 6 LUNI ȘI 1 AN DE LA SESIZARE	DOSARE SOLUȚIONATE PESTE 1 AN DE LA SESIZARE	DOSARE SOLUȚIONATE DUPĂ ÎMPLINIREA TERMENULUI DE PRESCRIPȚIE	DOSARE RĂMASE NESOLUȚIONATE (FĂRĂ A.N.)	DOSARE CU AUTOR NECUNOSCUT RĂMASE NESOLUȚIONATE	DOSARE RESTITUITE DE INSTANȚE SAU TRIMISE PROCURORULUI	DOSARE INFIRMATE SAU CU URMĂRIREA PENALĂ REDESCHISĂ	NR. INCULPAȚI SAU SUSPECȚI DIN CAUZELE SOLUȚIONATE	NR. INCULPAȚI TRIMIȘI ÎN JUDECATĂ PRIN RECHIZITORIU	NR. INCULPAȚI TRIMIȘI ÎN JUDECATĂ PRIN ACORDURI DE RECUNOAȘTERE A VINOVĂȚIEI	NR. INCULPAȚI TRIMIȘI ÎN JUDECATĂ ARESTAȚI PREVENTIV	PREJUDICII ÎN LEI PRODUSE DE INCULPAȚII TRIMIȘI ÎN JUDECATĂ	PREJUDICII ÎN EURO PRODUSE DE INCULPAȚII TRIMIȘI ÎN JUDECATĂ	VALOAREA MĂSURILOR ASIGURĂTORII ÎN LEI	NR. INCULPAȚI SAU SUSPECȚI NETRIMIȘI ÎN JUDECATĂ	NR. INCULPAȚI SAU SUSPECȚI NETRIMIȘI ÎN JUDECATĂ ARESTAȚI PREVENTIV	NR. INCULPAȚI ACHITAȚI DEFINITIV INDIFERENT DE PERIOADA TRIMITERII ÎN JUDECATĂ	NR. INCULPAȚI ACHITAȚI DEFINITIV ARESTAȚI PREVENTIV	NR. INCULPAȚI SAU SUSPECȚI PERSOANE JURIDICE DIN CAUZELE SOLUȚIONATE	NR. INCULPAȚI PERSOANE JURIDICE TRIMIȘI ÎN JUDECATĂ PRIN RECHIZITORIU	NR. INCULPAȚI PERSOANE JURIDICE TRIMIȘI ÎN JUDECATĂ PRIN ACORDURI DE RECUNOAȘTERE A VINOVĂȚIEI	NR. INCULPAȚI PERSOANE JURIDICE ACHITAȚI DEFINITIV INDIFERENT DE PERIOADA TRIMITERII ÎN JUDECATĂ	NR. INCULPAȚI SAU SUSPECȚI PERSOANE JURIDICE NETRIMIȘI ÎN JUDECATĂ	TOTAL PLÂNGERI ÎMPOTRIVA ACTELOR ȘI MĂSURILOR PROCURORULUI DE SOLUȚIONAT, DIN CARE:	TOTAL PLÂNGERI ÎMPOTRIVA ACTELOR ȘI MĂSURILOR PROCURORULUI SOLUȚIONATE, DIN CARE:	TOTAL PLÂNGERI ÎMPOTRIVA ACTELOR ȘI MĂSURILOR PROCURORULUI ADMISE	TOTAL CĂI DE ATAC DECLARATE DE PROCUROR ÎN CAUZELE PENALE, DIN CARE:	TOTAL CĂI DE ATAC ADMISE ÎN CAUZELE PENALE	TOTAL CĂI DE ATAC DECLARATE DE PROCUROR ÎN CAUZELE CIVILE, DIN CARE:	TOTAL CĂI DE ATAC ADMISE ÎN CAUZELE CIVILE
 ALBA IULIA	9	8	18,335	11,843	10,608	4,291	234	23	489	3,545	1,794	780	708	1,009	3,496	3,493	1	23	1,519	340	23	31	2,527,701	80,385	8,579,205	1,156	0	20	0	2	1	0	0	1	259	232	21	53	57	0	0
 CAMPENI	3	3	4,955	2,246	3,915	1,224	119	18	112	975	803	175	170	76	606	153	0	10	649	162	18	12	1,324,548	13,321	84,077	469	0	1	0	1	0	0	0	1	80	74	3	46	28	0	0
 AIUD	4	4	9,139	3,867	7,109	1,903	136	29	110	1,628	877	526	330	170	974	696	0	9	616	179	33	12	4,209,209	58,673	4,734,063	404	0	3	0	0	0	0	0	0	80	74	3	33	18	12	5
 BLAJ	3	3	2,725	1,531	2,109	940	56	1	169	714	620	170	79	71	333	174	0	12	437	72	1	2	13,381	0	0	364	0	1	1	0	0	0	0	0	65	55	9	5	5	0	0
 SEBES	3	3	5,312	3,947	3,053	1,722	53	3	317	1,349	853	284	183	402	941	1,036	0	27	510	56	3	0	198,066	0	12,807	451	0	0	0	1	0	0	0	1	95	80	10	0	0	0	0
 DEVA	9	7	15,343	8,666	10,919	4,779	146	5	1,118	3,510	1,864	419	1,136	1,360	2,017	1,337	0	31	621	172	5	29	2,551,188	850	464,023	444	0	11	0	0	0	0	0	0	168	162	4	98	54	0	3
 HUNEDOARA	8	7	9,474	6,885	5,130	2,595	81	8	374	2,132	1,358	497	372	368	2,247	1,697	1	17	431	124	8	19	559,751	0	62,614	299	0	5	0	0	0	0	0	0	132	127	24	47	39	2	1
 PETROSANI	11	10	16,196	12,732	8,025	4,758	225	1	629	3,903	1,946	1,107	791	914	4,280	2,811	0	25	1,585	340	1	21	155,122	10,000	0	1,244	0	8	0	2	0	0	0	2	257	238	39	27	20	0	0
 BRAD	3	2	3,115	2,059	2,021	1,196	37	3	194	962	646	183	59	308	439	266	0	8	256	50	3	6	473,342	30,275	0	203	0	7	0	0	0	0	0	0	54	10	2	8	5	0	0
 HATEG	3	2	3,385	2,261	2,011	984	34	4	201	745	562	174	122	126	654	480	0	6	331	41	4	0	795,752	0	0	286	0	1	0	2	0	0	0	2	113	26	3	3	2	0	0
 ORASTIE	3	3	3,330	2,382	2,230	1,336	58	13	323	942	699	139	383	115	458	474	0	5	155	75	15	5	10,699	1,000	0	65	0	0	0	1	0	1	0	0	57	41	2	5	4	1	1
 SIBIU	13	13	24,547	17,655	12,264	5,678	329	8	633	4,708	2,979	1,188	1,013	498	5,668	5,355	0	96	1,482	384	9	30	3,130,503	63,348	2,048,835	1,089	0	14	0	40	0	0	0	40	313	287	41	59	56	1	1
 MEDIAS	6	5	6,593	4,464	4,549	2,765	132	3	559	2,071	1,953	338	474	0	796	570	1	22	791	174	4	21	431,334	20,359	117,004	613	0	1	0	6	0	0	0	6	132	123	15	13	15	0	0
 AGNITA	3	3	2,792	1,197	2,407	830	29	0	126	675	652	114	60	4	181	125	0	1	161	40	0	0	67,295	63,300	0	121	0	0	0	1	0	0	0	1	19	13	2	1	1	0	0
 AVRIG	3	2	3,342	1,482	2,354	931	55	5	248	623	750	126	39	16	341	125	0	8	367	63	5	6	36,567	3,000	0	299	0	2	1	0	0	0	0	0	50	32	0	2	3	0	0
 SALISTE	3	2	2,510	1,283	1,900	730	35	3	206	486	492	136	102	0	277	149	0	8	287	54	3	4	24,700	9,580	0	230	0	2	0	0	0	0	0	0	51	30	9	12	8	0	0
 PITESTI	19	17	46,765	29,127	27,919	10,930	336	6	1,168	9,420	2,221	2,103	4,366	2,240	12,616	3,686	2	44	1,362	425	6	41	1,815,552	95,829	177,762	931	1	8	0	3	1	0	0	2	477	400	9	208	95	2	0
 CAMPULUNG	6	5	7,087	5,523	3,956	2,487	94	5	319	2,069	1,083	564	595	245	1,899	880	0	17	778	127	5	13	803,675	0	0	646	0	0	0	1	0	0	0	1	213	168	10	6	2	0	0
 CURTEA DE ARGES	4	4	9,184	5,320	5,650	1,923	154	0	35	1,734	568	438	726	191	2,647	486	0	61	402	213	0	0	457,352	0	0	189	0	3	0	1	1	0	0	0	161	150	32	48	28	0	0
 COSTESTI	3	3	5,984	4,134	3,531	1,839	69	1	243	1,526	565	372	686	216	1,446	717	0	5	574	96	1	12	238,919	43,164	0	477	0	0	0	0	0	0	0	0	93	46	2	8	9	3	0
 TOPOLOVENI	3	3	7,052	3,116	5,346	1,480	63	1	225	1,191	806	219	455	0	1,015	497	0	4	348	106	2	15	67,440	800	0	240	0	2	0	1	1	0	0	0	39	28	4	23	12	0	0
 RAMNICU VALCEA	13	10	29,548	18,351	17,655	6,666	252	1	479	5,934	2,236	1,426	1,632	1,372	3,016	7,320	0	43	1,678	293	1	24	2,460,188	10,970	21,772	1,384	6	4	0	1	0	0	0	1	576	530	45	34	10	2	0
 DRAGASANI	5	4	5,240	3,069	3,719	1,674	73	0	333	1,268	1,095	205	374	0	577	665	1	9	489	107	1	4	326,021	13,246	0	381	0	2	0	0	0	0	0	0	186	141	5	28	18	0	0
 HOREZU	6	4	7,034	4,084	5,146	2,290	192	4	315	1,779	1,083	428	723	56	781	655	1	17	647	227	4	2	972,152	4,220	0	416	0	0	0	1	1	0	0	0	181	158	5	51	30	0	0
 BREZOI	3	3	4,148	2,315	2,876	1,092	87	3	161	841	460	248	235	149	549	544	1	11	434	117	3	0	295,716	5,225	115,633	314	0	1	0	0	0	0	0	0	142	132	3	4	4	0	0
 BALCESTI	3	2	4,789	2,850	3,040	1,160	58	2	153	947	474	241	358	87	945	551	0	5	474	80	2	8	84,667	0	0	392	0	0	0	0	0	0	0	0	90	60	2	4	3	0	0
 BACAU	18	15	42,209	27,731	25,049	11,462	530	18	1,180	9,734	2,698	2,027	4,622	2,115	8,218	4,802	0	43	2,712	740	20	117	2,544,201	61,300	697,453	1,952	3	4	0	171	11	0	1	160	628	523	73	386	253	6	1
 ONESTI	7	5	10,764	6,258	6,932	3,182	252	0	321	2,609	2,288	392	280	222	1,245	1,499	0	43	806	327	1	20	1,074,518	13,070	0	478	0	3	0	0	0	0	0	0	247	211	17	36	32	1	0
 MOINESTI	7	5	8,267	4,932	6,316	3,192	336	2	732	2,122	2,682	296	140	74	904	407	0	33	1,365	426	2	22	2,828,601	0	90,000	937	0	6	0	10	1	0	1	9	205	181	17	52	28	0	0
 PODU TURCULUI	3	2	2,954	1,590	2,207	962	91	13	110	748	704	143	70	45	375	147	0	32	351	105	14	2	0	0	0	232	0	1	0	3	0	0	0	3	72	47	1	12	7	0	0
 BUHUSI	3	3	3,454	1,847	2,494	926	92	2	185	647	620	125	161	20	345	503	0	18	370	128	2	8	205,279	0	0	240	1	3	0	9	2	0	0	7	67	51	10	13	13	0	0
 PIATRA-NEAMT	12	8	19,421	14,341	9,653	4,920	196	3	851	3,870	1,568	1,603	1,372	377	4,584	2,911	0	30	987	251	3	46	1,498,828	10,100	0	733	0	12	0	3	0	0	0	3	324	267	10	22	13	1	1
 ROMAN	9	7	13,695	10,695	7,839	4,856	258	26	1,105	3,467	2,657	943	392	864	1,929	3,451	2	52	1,688	330	29	36	1,771,938	0	104,753	1,329	0	2	0	24	1	1	0	22	157	155	33	43	33	0	0
 TARGU NEAMT	4	4	6,274	3,755	4,488	2,042	109	0	227	1,706	1,097	612	299	34	1,094	375	0	44	697	152	0	13	495,285	6,300	260,397	545	0	3	0	0	0	0	0	0	200	182	9	11	10	0	0
 BICAZ	4	2	4,653	2,177	3,534	1,112	90	1	213	808	588	321	180	23	625	128	1	36	479	116	1	0	784,060	19,500	0	362	1	10	0	1	0	0	0	1	138	132	33	22	10	0	0
 ORADEA	19	18	33,527	23,030	20,231	10,290	503	24	1,248	8,515	3,391	1,576	2,288	3,035	4,314	7,674	2	32	1,789	618	24	53	5,889,180	502,445	0	1,147	0	11	0	11	1	0	0	10	425	405	2	86	49	0	0
 BEIUS	4	4	4,574	2,432	3,186	1,266	108	1	195	962	793	262	72	139	546	476	0	6	422	120	1	12	175,831	1,000	0	301	1	2	0	0	0	0	0	0	117	108	7	15	8	0	0
 MARGHITA	4	2	4,629	3,201	3,223	1,843	62	0	471	1,310	1,068	303	409	63	484	733	2	9	306	78	0	5	23,126	11,080	0	228	0	1	0	0	0	0	0	0	59	36	2	9	6	0	0
 ALESD	3	3	3,441	1,706	2,681	1,028	90	11	397	530	728	200	83	17	441	182	0	12	513	106	13	1	1,437,519	10,737	0	394	0	4	0	2	0	0	0	2	83	68	12	2	2	0	0
 SALONTA	3	2	3,996	2,419	2,572	1,016	53	0	47	916	151	219	643	3	680	599	0	8	268	61	0	3	0	0	0	207	0	6	0	0	0	0	0	0	55	44	4	2	1	0	0
 SATU MARE	13	10	20,043	13,205	11,537	5,080	234	2	606	4,238	952	695	1,259	2,174	2,548	5,130	1	14	1,275	284	2	15	1,453,210	44,355	0	989	0	17	1	3	0	0	0	3	225	194	15	87	67	0	0
 CAREI	4	3	4,919	3,586	2,937	1,656	91	0	88	1,477	548	343	705	60	756	1,050	0	8	183	124	0	13	4,288	4,350	0	59	0	5	0	1	1	0	0	0	52	29	8	19	26	0	0
 NEGRESTI-OAS	3	2	3,131	2,034	2,119	1,066	92	0	293	681	486	217	304	59	458	375	0	12	384	127	0	11	2,113,744	5,000	0	257	0	0	0	0	0	0	0	0	77	63	6	7	6	0	0
 SUCEAVA	11	10	19,344	12,369	10,963	4,289	179	24	485	3,601	1,970	1,027	829	463	5,750	1,722	0	40	688	215	24	43	24,840,101	1,430	0	449	0	8	0	0	0	0	0	0	178	154	10	35	24	0	0
 CAMPULUNG MOLDOVENESC	4	4	6,986	3,064	5,351	1,454	27	2	256	1,169	891	233	171	159	1,077	339	1	18	278	29	2	1	532,761	0	0	247	0	2	0	0	0	0	0	0	108	94	10	4	2	0	0
 RADAUTI	7	6	14,070	9,917	8,643	4,559	226	8	975	3,350	2,180	1,196	1,009	174	3,910	734	2	37	1,650	289	8	36	3,048,485	60,225	135,485	1,353	0	5	0	2	0	0	0	2	337	335	61	32	14	0	0
 FALTICENI	5	4	5,806	3,740	3,572	1,625	124	20	191	1,290	655	557	269	144	1,779	172	1	12	584	150	22	6	90,171	1,000	4,912	412	0	1	0	0	0	0	0	0	174	100	5	21	17	0	0
 VATRA DORNEI	3	2	4,145	2,770	2,547	1,217	65	0	167	985	709	204	199	105	891	358	0	4	381	73	0	4	573,454	0	0	308	0	0	0	0	0	0	0	0	63	40	2	2	1	0	0
 GURA HUMORULUI	4	4	6,521	3,226	4,944	1,754	93	14	229	1,418	928	335	261	230	913	411	0	16	512	137	14	0	775,615	104,977	0	361	0	4	0	0	0	0	0	0	102	87	17	28	15	0	0
 BOTOSANI	12	11	29,483	15,199	21,169	7,424	502	1	1,652	5,269	3,760	1,561	925	1,178	4,174	2,470	0	32	1,776	675	1	54	1,847,256	35,200	35,877	1,100	1	13	0	7	2	0	1	5	408	312	43	54	21	0	0
 DOROHOI	3	2	7,346	3,240	5,648	1,726	155	3	526	1,042	1,041	365	183	137	725	558	0	19	532	207	4	6	818,006	0	97,895	321	0	6	0	0	0	0	0	0	109	50	5	18	13	0	0
 SAVENI	3	3	5,611	2,733	4,435	1,615	112	26	641	836	1,149	220	118	128	528	500	0	13	524	139	27	5	869,966	0	14,424	358	0	2	0	0	0	0	0	0	69	48	3	40	16	0	0
 DARABANI	3	2	4,475	1,507	3,570	722	86	2	137	497	433	155	98	36	388	282	0	10	359	126	3	11	1,282,277	0	482,838	230	0	0	0	1	0	0	0	1	51	35	0	3	4	0	0
 BRASOV	26	23	61,618	45,987	32,645	18,079	589	78	1,794	15,618	5,685	2,660	4,063	5,671	12,423	14,655	5	44	2,742	783	83	120	5,952,560	590,090	7,487,406	1,876	2	19	0	25	4	0	0	21	707	495	70	359	166	0	0
 FAGARAS	4	3	6,128	3,571	4,547	2,051	119	6	256	1,670	1,503	170	62	316	703	708	0	18	429	142	6	3	328,266	3,900	0	281	0	5	0	0	0	0	0	0	102	84	7	31	12	0	0
 RUPEA	3	3	4,088	1,847	3,206	992	72	49	146	725	684	199	86	23	347	383	0	7	341	100	52	2	182,790	50,134	0	189	0	2	0	0	0	0	0	0	45	37	4	27	19	0	0
 ZARNESTI	4	3	5,485	2,979	3,632	1,199	42	35	121	1,001	905	126	98	70	873	416	0	34	244	57	35	5	20,778	0	0	152	0	6	0	0	0	0	0	0	117	100	14	44	21	1	0
 SFANTU GHEORGHE	6	4	7,762	5,914	4,460	2,712	93	27	389	2,203	1,402	650	480	180	1,590	810	7	35	669	182	29	20	35,827	0	0	458	0	5	0	3	0	0	0	3	160	142	33	40	22	1	1
 TARGU SECUIESC	4	3	4,058	2,900	2,760	1,640	111	0	273	1,256	1,082	313	149	96	780	289	2	6	385	131	0	3	640,450	2,588	0	254	0	2	0	0	0	0	0	0	46	42	6	57	58	0	0
 INTORSURA BUZAULUI	3	3	1,419	760	1,133	510	47	0	111	352	337	116	56	1	133	53	0	5	158	71	0	0	51,428	2,000	0	87	0	3	0	0	0	0	0	0	26	22	0	27	16	0	1
 SECTORUL 1 - BUCURESTI	35	29	81,369	70,798	23,113	13,726	542	29	543	12,612	4,110	1,695	5,579	2,342	12,826	43,656	0	91	6,561	813	37	260	25,436,537	456,178	3,350,002	5,711	0	0	0	105	0	0	0	105	1,532	1,186	418	122	75	0	0
 SECTORUL 2 - BUCURESTI	31	26	78,731	70,302	27,162	19,329	304	20	779	18,226	3,038	3,573	5,556	7,162	11,326	38,706	3	88	819	422	20	99	0	0	0	377	0	17	0	0	0	0	0	0	390	336	60	183	107	4	2
 SECTORUL 3 - BUCURESTI	30	27	77,352	69,150	24,187	16,807	445	5	2,038	14,319	4,398	2,665	7,700	2,044	14,756	35,877	1	51	1,949	549	5	96	3,262,729	722,238	1,167,277	1,395	3	26	0	0	0	0	0	0	511	406	67	78	50	0	0
 SECTORUL 4 - BUCURESTI	26	23	76,273	62,687	24,385	11,304	440	2	1,595	9,267	2,674	2,203	3,794	2,633	20,859	30,044	0	0	2,232	538	2	124	348,751	4,500	0	1,692	7	8	1	3	1	0	0	2	551	439	29	130	73	1	1
 SECTORUL 5 - BUCURESTI	25	21	60,358	52,386	23,160	15,432	333	0	882	14,217	3,496	2,491	2,847	6,598	19,423	16,448	0	39	1,300	428	3	108	1,813,428	104,704	1,049,948	869	3	11	0	1	0	0	0	1	426	411	14	125	57	0	0
 SECTORUL 6 - BUCURESTI	27	23	71,550	65,114	18,199	12,260	236	9	762	11,253	2,856	1,665	7,708	31	7,567	44,402	2	18	487	298	12	98	668,687	15,193	5,743	177	0	7	0	1	1	0	0	0	409	331	2	74	39	1	0
 BUFTEA	18	13	21,443	18,162	8,047	4,998	212	11	841	3,934	2,053	1,367	1,407	171	8,550	3,590	1	137	1,462	278	12	53	2,489,178	2,053,500	251,898	1,172	8	4	0	1	1	0	0	0	460	438	103	82	66	0	0
 CORNETU	12	12	21,428	17,163	10,389	6,307	250	30	1,301	4,726	2,911	1,186	2,127	83	4,933	5,710	0	95	6,457	295	30	19	5,174,813	60,000	0	6,132	0	21	0	0	0	0	0	0	345	297	14	65	28	0	0
 CALARASI	9	8	15,686	13,466	6,431	4,357	234	2	574	3,547	1,759	693	649	1,256	1,826	7,025	0	14	1,116	342	2	42	996,151	53,447	17,000	772	0	5	0	0	0	0	0	0	124	113	7	58	37	0	0
 OLTENITA	7	6	10,573	9,265	3,603	2,444	134	0	315	1,995	361	992	1,090	1	2,647	3,969	3	7	395	201	0	39	5,777,170	90,929	0	194	0	5	0	0	0	0	0	0	82	68	9	29	25	0	0
 LEHLIU-GARA	4	4	6,986	5,867	3,022	1,956	62	2	506	1,386	906	388	259	403	956	2,792	0	3	518	79	2	9	260,653	0	0	437	1	3	0	0	0	0	0	0	55	39	2	1	4	0	0
 GIURGIU	11	9	23,490	13,563	14,839	5,288	219	10	697	4,362	2,051	684	852	1,701	2,914	4,797	0	22	1,199	300	10	28	3,173,804	4,027	103,503	889	0	8	0	0	0	0	0	0	377	323	27	164	89	0	0
 BOLINTIN VALE	4	3	6,761	5,490	3,297	2,076	93	8	385	1,590	886	394	425	371	922	2,269	0	11	593	153	8	28	0	0	0	432	0	2	0	2	0	0	0	2	150	149	13	20	13	0	0
 SLOBOZIA	8	7	14,100	7,407	9,725	3,133	153	15	288	2,677	1,566	569	337	661	1,776	2,233	2	8	491	209	18	27	1,349,539	45,430	766,328	264	0	3	0	1	1	0	0	0	110	94	3	39	26	1	0
 URZICENI	8	7	10,257	7,367	5,515	2,651	158	0	205	2,288	912	505	406	828	1,754	2,601	0	2	808	195	0	35	385,130	6,102	0	613	0	1	0	0	0	0	0	0	70	65	2	35	18	0	0
 FETESTI	6	6	8,117	6,262	3,902	2,062	105	0	372	1,585	1,309	236	148	369	1,495	2,536	0	5	704	136	0	12	279,662	350	35,365	568	0	6	0	0	0	0	0	0	35	35	3	9	4	0	0
 ALEXANDRIA	8	7	11,387	8,764	6,288	4,124	188	0	855	3,081	1,834	711	904	675	1,758	2,525	1	25	1,096	252	0	17	437,012	1,450	383,085	844	1	3	0	0	0	0	0	0	141	122	20	51	20	2	2
 ROSIORI DE VEDE	7	6	7,127	4,773	4,971	2,668	122	0	421	2,125	1,635	262	416	355	920	855	0	24	563	169	0	16	509,610	18,257	3,500	394	1	2	2	0	0	0	0	0	155	143	12	10	9	0	0
 TURNU MAGURELE	4	4	4,908	3,803	3,019	1,933	96	10	444	1,383	1,346	234	257	96	521	1,169	0	5	259	134	16	21	0	0	0	109	1	2	0	0	0	0	0	0	53	45	0	13	8	0	0
 VIDELE	4	4	3,895	2,238	2,235	1,075	72	4	252	747	605	227	241	2	443	571	0	9	592	111	4	1	263,281	6,200	0	477	0	0	0	0	0	0	0	0	77	68	6	14	7	0	0
 ZIMNICEA	4	3	3,191	2,303	2,193	1,345	92	0	350	903	984	166	161	34	392	466	1	9	289	114	0	2	108,570	0	0	175	0	1	1	0	0	0	0	0	72	59	8	19	17	0	0
 CLUJ-NAPOCA	26	22	63,024	52,900	20,014	10,145	498	36	810	8,801	2,641	1,195	3,492	2,817	5,396	36,438	0	38	3,078	665	36	52	1,788,416	68,233	2,413	2,377	0	25	0	16	0	0	0	16	616	575	34	141	82	0	0
 TURDA	7	5	13,058	9,182	6,958	3,187	234	11	221	2,721	826	588	487	1,286	1,583	3,789	1	6	1,412	281	11	33	286,038	2,150	0	1,120	1	2	0	10	0	0	0	10	85	68	8	61	30	1	1
 DEJ	3	3	5,519	2,167	4,279	1,111	112	0	274	725	755	187	138	31	613	284	0	9	600	146	0	32	397,014	22,320	200	454	2	2	0	2	1	0	0	1	54	28	1	14	10	0	0
 HUEDIN	3	3	4,433	2,707	2,644	952	119	0	112	721	426	196	178	152	513	1,087	0	4	449	152	0	2	364,178	33,000	0	297	0	10	0	0	0	0	0	0	49	39	1	25	20	0	0
 GHERLA	5	4	8,860	2,981	7,013	1,278	116	0	297	865	503	400	372	3	714	824	0	4	448	137	0	6	159,367	8,000	0	311	0	2	0	1	0	0	0	1	56	34	2	33	18	0	0
 BISTRITA	8	7	20,871	9,192	14,938	3,330	133	3	293	2,901	1,102	550	608	1,070	2,551	2,576	0	5	646	185	3	34	556,273	23,975	30,578	458	0	2	0	0	0	0	0	0	120	119	2	22	14	1	0
 NASAUD	4	3	4,195	2,593	2,868	1,282	197	1	82	1,002	761	300	156	65	736	346	0	4	517	240	2	17	958,882	6,530	106,770	275	0	2	0	0	0	0	0	0	38	29	1	1	1	0	0
 BECLEAN	3	2	2,589	1,420	1,838	704	91	1	67	545	434	119	112	39	434	151	0	0	297	109	1	8	251,169	40,300	0	187	3	4	0	0	0	0	0	0	37	29	1	3	4	0	0
 BAIA MARE	14	13	22,408	15,078	13,048	5,985	326	4	305	5,350	1,425	814	899	2,847	2,547	5,957	1	22	816	388	4	71	3,143,386	8,155	206,913	424	0	16	0	0	0	0	0	0	185	124	22	49	30	0	0
 SIGHETU MARMATIEI	5	4	7,574	5,185	4,821	2,460	225	1	187	2,047	1,473	360	282	345	1,482	905	4	10	677	294	1	16	5,267,463	104,990	0	382	0	5	0	0	0	0	0	0	82	64	10	32	11	0	0
 VISEU DE SUS	3	1	6,186	4,314	2,409	617	45	0	10	562	290	125	95	107	2,240	1,242	0	2	114	56	0	6	44,972	0	0	58	0	4	0	0	0	0	0	0	4	0	0	7	2	0	0
 TARGU LAPUS	3	1	2,021	1,196	1,446	651	72	0	83	496	470	96	12	73	230	262	0	5	245	94	0	0	114,694	3,500	0	151	0	1	0	0	0	0	0	0	6	5	2	5	0	0	0
 DRAGOMIRESTI	3	1	2,090	1,261	1,470	654	68	0	95	491	487	83	69	15	439	110	0	2	230	78	0	5	128,465	4,628	0	152	0	0	0	0	0	0	0	0	7	0	0	5	2	0	0
 ZALAU	6	5	9,537	7,103	5,093	2,713	192	9	267	2,245	1,222	461	199	831	1,086	2,578	0	22	655	232	9	21	1,552,783	66,500	393,287	414	0	1	0	0	0	0	0	0	109	86	13	39	23	0	0
 SIMLEUL SILVANIEI	3	2	4,648	3,290	2,716	1,394	100	2	208	1,084	560	305	170	359	657	908	1	12	443	118	2	6	233,361	0	172,000	323	0	5	0	0	0	0	0	0	69	51	16	18	11	1	1
 JIBOU	3	2	2,657	1,719	1,770	852	70	9	209	564	504	228	91	29	478	287	0	4	290	85	10	9	154,306	15,951	0	195	0	0	0	0	0	0	0	0	27	23	4	9	6	0	0
 CONSTANTA	28	23	91,720	68,333	37,455	14,792	916	2	1,951	11,923	4,243	2,445	6,433	1,671	29,757	20,758	1	75	3,690	1,233	4	265	4,619,685	245,449	0	2,453	4	18	0	3	2	1	0	0	772	698	27	609	272	3	1
 MEDGIDIA	9	8	24,574	11,980	16,740	4,315	322	4	650	3,339	2,189	877	801	448	3,735	3,290	1	20	1,522	423	7	60	16,481,581	58,750	0	1,092	1	24	0	0	0	0	0	0	209	191	15	185	159	0	0
 HARSOVA	3	3	4,802	3,154	2,608	1,261	70	2	150	1,039	609	217	248	187	1,239	576	0	2	367	97	3	14	319,048	270	0	267	0	0	0	0	0	0	0	0	34	30	5	12	6	0	0
 MANGALIA	6	6	13,328	10,349	5,956	3,192	104	12	555	2,521	1,290	623	708	571	4,433	2,478	0	6	463	121	13	17	617,546	39,393	0	329	0	1	0	2	1	0	0	1	82	75	6	28	20	0	0
 TULCEA	10	9	24,317	11,717	17,588	5,145	273	12	1,443	3,417	1,875	1,261	1,551	458	4,692	1,002	0	22	1,011	314	14	13	1,231,806	33,555	337,500	683	0	5	0	0	0	0	0	0	214	209	12	42	26	0	0
 BABADAG	3	1	3,764	2,600	1,806	690	51	1	83	555	182	157	179	172	1,085	387	0	1	193	63	1	2	22,722	0	0	129	0	0	0	0	0	0	0	0	21	5	0	6	2	0	0
 MACIN	3	2	3,133	1,990	1,941	859	17	12	211	619	426	162	219	52	724	203	1	13	416	29	12	2	102,985	0	0	375	0	1	0	0	0	0	0	0	42	17	1	0	1	0	0
 CRAIOVA	23	22	71,729	38,032	48,643	15,564	635	3	1,961	12,965	5,728	2,444	2,794	4,598	9,485	10,956	4	69	3,701	839	3	133	9,507,023	6,105	0	2,859	4	14	1	0	0	0	0	0	713	630	10	163	85	0	0
 BAILESTI	5	4	6,289	4,650	3,380	1,799	96	5	171	1,527	594	426	776	3	1,340	1,354	0	4	139	116	5	11	0	0	0	18	0	3	0	0	0	0	0	0	76	66	1	22	15	1	0
 FILIASI	4	3	3,367	2,103	2,034	1,124	37	5	137	945	538	249	245	92	724	155	1	3	415	45	5	3	584,716	600	15,000	365	0	2	0	1	1	0	0	0	47	38	5	9	6	0	0
 SEGARCEA	4	3	3,759	2,282	2,464	1,172	93	1	252	826	588	250	299	35	689	339	0	8	488	134	1	7	15,900	0	0	353	0	0	0	2	1	0	0	1	64	49	6	12	15	0	0
 CALAFAT	3	2	3,616	2,676	2,575	1,730	126	0	272	1,332	1,088	293	246	103	535	215	0	7	598	172	0	4	143,232	3,290	0	426	0	5	0	0	0	0	0	0	71	45	7	5	9	0	0
 TARGU JIU	14	13	25,262	12,599	17,825	5,341	402	3	704	4,232	2,769	1,372	1,200	0	2,898	3,601	0	76	2,280	495	6	50	7,112,242	76,342	1,480,111	1,779	0	8	0	0	0	0	0	0	750	709	3	95	69	3	3
 TARGU-CARBUNESTI	7	6	9,857	5,350	6,805	2,459	148	6	114	2,191	1,492	699	268	0	1,538	943	0	24	340	175	6	9	19,601	0	0	159	0	1	0	0	0	0	0	0	326	302	11	36	32	0	0
 NOVACI	3	3	3,654	2,163	2,587	1,161	31	6	68	1,056	592	414	106	49	563	291	0	18	207	42	7	4	279,707	0	0	158	0	1	0	0	0	0	0	0	101	65	8	8	5	0	0
 MOTRU	4	3	6,396	3,518	3,954	1,208	83	0	95	1,030	680	324	204	0	1,068	1,066	0	40	1,161	95	0	2	26,497	8,774	0	1,066	0	1	0	0	0	0	0	0	216	196	36	12	15	0	0
 DROBETA-TURNU SEVERIN	12	11	20,273	10,338	15,035	5,255	259	20	820	4,156	2,960	943	689	663	3,034	1,446	2	34	1,666	311	21	10	878,500	102,000	27,618	1,334	0	7	0	0	0	0	0	0	488	440	28	109	83	2	1
 STREHAIA	4	4	4,533	2,499	3,574	1,618	60	23	198	1,337	1,146	289	68	115	440	339	0	12	274	76	27	6	267,145	0	143,289	171	0	0	0	1	1	0	0	0	106	82	1	23	10	0	0
 ORSOVA	3	3	2,490	1,045	1,784	593	35	4	128	426	495	59	22	17	196	133	0	12	315	43	4	1	114,987	0	0	268	0	4	0	0	0	0	0	0	72	45	2	17	12	0	0
 VANJU MARE	5	4	7,001	3,861	4,405	1,360	52	11	224	1,073	880	268	176	36	989	774	0	14	403	63	11	5	373,120	0	0	329	0	1	0	0	0	0	0	0	82	34	4	8	6	0	0
 BAIA DE ARAMA	3	3	2,434	1,008	1,918	611	33	18	67	493	437	82	55	37	162	135	1	5	164	35	18	0	59,294	600	0	111	0	0	0	9	0	0	0	9	73	48	6	12	7	1	0
 SLATINA	12	11	17,214	12,240	10,453	5,653	294	55	841	4,463	2,288	1,886	1,200	279	4,363	1,738	5	54	1,915	384	65	41	2,806,358	100	10,000	1,466	0	1	0	2	0	0	0	2	406	371	28	53	49	0	1
 CARACAL	6	4	9,005	6,933	5,239	3,270	111	1	639	2,519	1,765	766	472	267	1,614	1,632	0	17	778	126	1	17	378,962	0	75,000	651	0	2	0	1	0	0	0	1	112	67	9	10	11	0	0
 CORABIA	4	3	4,269	3,001	2,609	1,367	35	0	202	1,130	819	328	173	47	1,162	327	1	28	392	44	0	3	2,050	2,000	0	348	0	4	0	0	0	0	0	0	100	90	19	20	22	0	0
 BALS	4	3	3,787	2,229	2,697	1,163	68	2	242	851	786	237	108	32	534	435	0	10	400	85	2	5	110,936	0	0	313	0	4	0	0	0	0	0	0	100	97	6	3	5	0	0
 GALATI	21	17	36,040	23,881	21,063	9,480	471	12	1,620	7,377	4,579	1,838	1,636	1,427	7,162	6,064	5	69	2,668	644	13	64	4,923,768	221,861	0	2,011	0	30	0	1	1	0	0	0	397	359	81	211	130	5	3
 TECUCI	7	6	10,921	6,903	8,567	4,627	232	0	882	3,513	3,948	482	151	46	1,744	107	0	14	1,287	299	0	7	248,099	7,100	0	988	0	5	0	0	0	0	0	0	226	203	1	20	16	0	0
 TARGU BUJOR	4	3	6,834	4,304	4,062	1,691	112	0	273	1,306	449	441	536	265	2,062	469	0	9	388	161	1	3	272,602	900	0	226	0	1	0	0	0	0	0	0	57	36	7	42	27	0	0
 LIESTI	3	1	4,055	2,646	1,658	290	8	3	39	240	203	70	11	6	1,130	232	0	1	91	11	8	5	14,900	0	0	72	0	0	0	0	0	0	0	0	11	4	1	1	1	0	0
 BRAILA	13	10	28,356	15,500	19,258	6,577	212	0	1,129	5,236	3,263	938	675	1,701	4,756	1,919	0	6	1,392	294	0	42	1,332,220	17,274	53,389	1,098	0	5	0	0	0	0	0	0	267	247	6	159	154	4	1
 FAUREI	3	3	4,750	3,848	3,032	2,156	55	10	318	1,773	1,202	506	208	240	1,096	455	0	6	237	73	14	5	84,900	0	0	150	0	2	0	0	0	0	0	0	35	28	7	11	8	0	0
 INSURATEI	3	2	3,575	2,493	2,108	1,085	55	0	115	915	619	216	250	0	884	367	0	1	328	70	0	6	35,683	0	0	258	0	0	0	0	0	0	0	0	34	16	3	9	5	0	0
 FOCSANI	12	9	24,326	11,536	17,793	5,464	394	3	1,335	3,732	3,316	1,050	135	963	2,055	1,593	1	25	2,041	560	3	45	1,608,601	24,970	7,772	1,478	0	27	0	1	0	0	0	1	437	337	28	177	153	0	0
 PANCIU	4	4	4,018	1,484	3,448	1,017	138	2	210	667	890	56	63	8	254	25	0	4	440	175	2	7	193,756	5,250	28,800	263	0	5	0	0	0	0	0	0	94	68	7	29	16	0	0
 ADJUD	3	3	4,651	2,112	3,556	1,132	79	9	270	774	891	160	78	3	484	291	0	3	521	113	10	8	205,992	500	0	398	0	6	0	0	0	0	0	0	49	0	0	13	11	1	1
 IASI	28	25	70,644	53,562	29,865	13,521	485	58	2,464	10,514	2,984	2,997	3,969	3,571	15,998	21,726	7	47	2,246	604	58	104	975,149	120,270	2,000	1,584	0	12	0	0	0	0	0	0	598	350	27	226	111	6	6
 PASCANI	10	8	16,148	10,679	9,726	4,535	148	2	554	3,831	2,212	854	999	470	2,530	3,276	2	21	962	184	2	20	1,004,872	35,238	556,000	776	0	5	0	0	0	0	0	0	289	281	18	12	11	1	2
 HARLAU	5	4	6,607	3,483	3,950	878	88	8	53	729	210	211	316	141	1,345	1,124	0	5	311	99	8	6	111,826	1,850	78,720	204	0	4	0	0	0	0	0	0	62	48	6	6	3	0	0
 RADUCANENI	4	4	5,201	3,376	3,374	1,662	60	18	318	1,266	533	287	468	374	1,175	447	2	21	341	99	19	4	126,693	0	0	223	0	0	0	0	0	0	0	0	60	56	15	12	5	0	0
 VASLUI	9	9	20,838	12,316	12,594	4,502	312	11	365	3,814	2,280	818	784	620	3,108	3,793	0	23	867	355	11	26	945,890	14,257	36,972	501	0	5	0	0	0	0	0	0	456	305	19	27	24	0	0
 BARLAD	12	11	21,629	15,856	10,804	5,104	212	4	459	4,429	1,361	916	1,324	1,503	3,524	6,575	0	23	1,311	273	5	35	331,362	540	36,762	1,033	0	3	0	0	0	0	0	0	285	256	54	69	48	1	1
 HUSI	5	5	7,221	5,596	4,403	2,821	179	11	326	2,305	1,901	406	214	300	1,123	1,350	0	0	975	202	13	25	3,932,255	8,000	1,411,536	760	1	0	0	0	0	0	0	0	54	38	0	6	4	0	0
 TARGU MURES	16	13	35,224	25,431	20,034	10,421	316	21	1,576	8,508	3,671	961	1,356	4,433	2,449	11,190	1	36	2,178	395	25	52	1,459,582	179,050	3,830	1,758	2	1	0	2	0	0	0	2	390	352	12	98	68	0	0
 SIGHISOARA	5	3	7,901	5,350	4,577	2,130	106	0	279	1,745	819	386	392	533	1,409	1,478	0	3	383	134	0	8	313,444	11,443	0	249	0	8	0	2	0	0	0	2	29	27	0	6	4	0	0
 REGHIN	7	6	9,292	7,697	5,524	4,005	177	6	506	3,316	1,532	465	392	1,616	848	2,572	0	22	929	211	6	15	425,088	0	0	712	0	4	0	0	0	0	0	0	129	122	13	30	14	0	0
 TARNAVENI	3	2	3,785	2,674	2,041	982	46	0	92	844	418	242	322	0	618	971	0	2	356	61	0	9	132,256	0	0	295	0	0	0	0	0	0	0	0	10	8	0	1	2	0	0
 LUDUS	3	3	4,206	3,386	2,143	1,346	67	2	164	1,113	475	170	134	567	611	1,239	0	5	353	86	2	12	535,878	2,000	0	265	0	2	0	0	0	0	0	0	30	26	1	9	2	0	0
 MIERCUREA CIUC	5	5	12,879	5,185	9,522	1,963	128	1	193	1,641	832	284	724	123	1,496	1,398	0	1	474	166	1	9	0	0	11,959	307	1	12	0	0	0	0	0	0	105	98	30	27	12	0	0
 ODORHEIUL SECUIESC	4	4	5,712	3,462	3,995	1,844	89	33	293	1,429	1,176	238	147	283	405	1,098	2	6	604	111	33	8	2,264,943	1,000	1,529,600	460	0	2	0	1	0	1	0	0	40	38	2	2	0	0	0
 TOPLITA	3	3	4,000	1,950	2,981	947	59	13	89	786	511	175	149	112	420	486	0	2	244	73	14	9	0	0	0	157	0	0	0	0	0	0	0	0	50	48	8	13	5	0	0
 GHEORGHENI	3	2	4,386	2,763	2,822	1,234	39	2	167	1,026	614	233	126	261	700	629	0	6	245	48	2	1	73,635	0	114,435	195	1	2	1	0	0	0	0	0	31	31	0	5	2	0	0
 PLOIESTI	22	15	53,378	34,040	30,911	11,897	421	61	1,322	10,093	5,302	1,860	1,764	2,971	9,767	10,923	1	55	2,927	560	68	143	3,131,500	366,465	884,432	2,299	8	11	0	0	0	0	0	0	491	452	61	191	117	0	0
 CAMPINA	8	8	15,036	9,923	9,347	4,395	143	56	668	3,528	2,504	738	464	689	2,464	2,561	0	27	949	234	59	27	904,100	11,288	103,064	656	0	1	0	32	1	0	0	31	207	190	16	40	24	1	0
 VALENII DE MUNTE	5	4	7,939	5,477	4,714	2,424	89	53	263	2,019	1,185	413	742	84	1,928	836	3	6	584	133	68	17	930,710	0	20,770	383	0	4	0	0	0	0	0	0	162	126	11	33	19	0	0
 MIZIL	3	2	4,534	2,390	2,970	1,109	48	0	149	912	703	194	134	78	779	438	0	5	123	51	0	5	6,880	0	0	72	0	0	0	0	0	0	0	0	24	11	1	8	6	1	0
 SINAIA	4	4	3,174	2,358	2,377	1,593	73	35	145	1,340	979	222	93	299	358	291	3	10	386	81	39	6	161,998	61,600	0	266	1	3	0	16	0	1	1	15	73	61	3	7	3	0	1
 BUZAU	15	14	29,345	16,873	18,960	6,781	284	3	771	5,723	3,085	1,330	1,061	1,305	3,392	6,143	0	23	1,756	334	3	38	893,320	5,972	7,410	1,419	0	16	0	0	0	0	1	0	341	333	12	38	27	0	0
 RAMNICU SARAT	5	4	6,562	4,544	4,076	2,112	92	10	223	1,787	1,061	600	407	44	1,693	415	1	14	649	102	10	10	466,837	0	0	537	0	2	0	0	0	0	0	0	87	86	2	19	24	2	2
 PATARLAGELE	4	3	3,604	2,312	2,402	1,387	45	0	241	1,101	862	339	173	13	568	219	0	13	448	53	0	12	48,303	6,000	0	395	0	0	0	1	1	0	0	0	76	70	1	0	0	0	0
 POGOANELE	3	3	3,420	2,026	2,457	1,141	84	16	191	850	525	217	191	208	457	366	1	4	2,256	107	17	4	113,503	0	0	2,132	0	1	0	0	0	0	0	0	27	27	1	2	1	0	0
 TARGOVISTE	12	9	26,985	20,525	13,090	6,938	251	4	452	6,231	2,826	887	915	2,310	8,563	4,089	3	64	4,797	387	4	62	271,353	0	12,888	4,406	0	10	0	12	0	0	0	12	306	249	8	91	59	0	0
 GAESTI	5	5	14,815	6,897	11,046	3,211	104	2	420	2,685	1,798	554	453	406	1,710	1,635	0	7	318	132	2	8	0	0	0	184	0	1	0	0	0	0	0	0	97	88	2	50	16	0	0
 PUCIOASA	3	3	5,898	3,962	4,123	2,470	76	4	236	2,154	1,918	350	198	4	650	568	0	21	444	92	4	9	0	0	0	348	0	0	0	0	0	0	0	0	89	84	5	4	3	0	0
 RACARI	4	3	6,938	4,917	3,944	2,014	107	0	398	1,509	924	594	453	43	1,448	1,151	0	8	454	135	0	6	82,910	0	1,132,664	319	0	16	0	0	0	0	0	0	70	51	2	23	16	0	0
 MORENI	3	3	9,075	3,194	6,979	1,181	50	3	108	1,020	590	268	135	188	736	984	0	1	387	50	3	2	1,666	0	0	334	0	5	0	0	0	0	0	0	33	14	0	14	8	1	1
 TIMISOARA	30	28	67,044	54,754	28,514	16,619	665	19	1,226	14,709	3,424	2,423	5,410	5,362	18,721	17,633	1	81	2,438	732	19	42	1,455,101	111,753	55,195	1,687	4	31	0	2	0	0	0	2	594	549	53	159	109	2	1
 LUGOJ	6	5	8,164	5,461	4,303	2,116	130	1	278	1,707	1,205	478	87	346	906	2,223	0	28	585	145	1	4	319,941	40,600	0	439	0	3	0	0	0	0	0	0	122	103	6	15	7	0	0
 DETA	3	3	5,789	2,809	4,040	1,159	91	24	83	961	401	253	439	66	1,295	240	0	5	531	99	24	5	257,664	3,576	0	408	0	3	0	0	0	0	0	0	40	32	0	5	0	0	0
 SANNICOLAUL MARE	3	2	4,824	3,095	2,887	1,219	96	19	276	828	569	262	235	153	1,165	494	0	4	572	108	23	6	46,564	7,000	5,393	441	0	3	0	0	0	0	0	0	25	10	0	8	7	0	0
 FAGET	3	3	2,199	1,252	1,586	655	40	0	100	515	407	140	62	46	326	177	0	3	259	46	0	5	8,223	20,000	0	213	0	2	0	0	0	0	0	0	23	19	0	3	1	0	0
 ARAD	17	13	30,161	22,140	14,700	6,860	363	8	1,416	5,073	3,550	1,049	529	1,732	2,187	12,234	0	56	1,449	401	9	36	3,628,265	34,500	0	1,039	0	3	0	5	0	0	0	5	298	267	19	51	29	0	0
 INEU	3	3	2,320	1,668	1,502	877	84	2	115	676	513	207	63	94	323	344	0	17	394	98	2	4	1,085,473	9,145	0	294	0	0	0	2	0	0	0	2	51	46	6	5	1	0	0
 LIPOVA	3	3	3,417	2,634	1,906	1,153	86	2	143	922	497	204	175	277	502	866	0	8	383	104	2	28	887,718	10,500	0	277	1	6	0	4	0	0	0	4	41	39	5	10	7	0	0
 GURA HONT	3	3	1,709	1,083	1,264	655	29	9	82	535	409	118	73	55	236	163	0	2	222	36	10	1	81,742	0	0	176	0	3	0	0	0	0	0	0	33	29	1	3	2	0	0
 CHISINEU CRIS	3	1	2,567	1,695	1,591	782	64	1	231	486	359	153	204	66	301	515	0	7	348	77	1	7	93,091	680	0	270	1	2	0	0	0	0	0	0	38	1	0	1	0	0	0
 RESITA	8	7	10,888	7,623	6,208	3,157	245	11	667	2,234	1,476	552	559	570	2,446	1,401	0	5	1,061	326	12	26	786,607	33,740	107,940	723	0	4	0	1	0	0	0	1	88	74	2	9	7	0	0
 CARANSEBES	7	4	8,624	5,649	5,676	2,788	126	75	254	2,333	1,594	482	303	409	1,344	1,051	9	5	502	152	84	10	521,849	0	131,326	266	0	2	0	0	0	0	0	0	143	119	4	16	14	0	0
 ORAVITA	3	2	4,843	2,772	3,566	1,581	79	43	369	1,090	1,193	266	122	0	636	310	0	11	1,220	83	43	2	34,936	0	22,296	1,094	0	5	0	1	1	0	1	0	34	30	11	24	13	0	0
 MOLDOVA-NOUA	3	2	1,638	1,072	1,170	641	48	4	82	507	481	112	48	0	300	82	0	6	182	51	4	2	15,372,482	0	0	127	0	0	0	0	0	0	0	0	44	37	4	0	0	0	0
																																									
TOTAL	1,332	1,124	2,515,534	1,744,937	1,351,956	613,291	28,685	1,684	80,958	501,964	251,029	109,613	139,020	113,629	457,578	594,028	114	3,549	157,132	36,962	1,839	4,211	255,577,884	8,070,613	42,318,716	118,331	76	870	9	587	43	5	6	539	30,844	25,909	2,627	7,806	4,865	80	47